Unnamed: 0,title,author
0,크리스마스 피그,J K 롤링
1,나의 하루는 4시 30분에 시작된다,김유진
2,카레부부의 주말여행 버킷리스트,조유리
3,소녀들을 위한 내 몸 안내서,소냐 르네 테일러
4,인생을 바꾼 식사의 기적,김남희
5,데미안,헤르만 헤세
6,유다,아모스 오즈
7,휴먼카인드,뤼트허르 브레흐만
8,왜 세계사의 시간은 거꾸로 흐르는가,마르쿠스 가브리엘
9,"디테일 사전. [1], 도시편",안젤라 애커만
10,공정하다는 착각,마이클 샌델
11,현명한 투자자,벤저민 그레이엄
12,메타버스 새로운 기회,김상균
13,방금 떠나온 세계,김초엽
14,이 한마디가 나를 살렸다,김미경
15,메타인지 학습법,리사 손
16,평일도 인생이니까,김신지
17,"1일 1페이지, 세상에서 가장 짧은 교양 수업 365",데이비드 S 키더
18,엄마 심리 수업,윤우상
19,더 위험한 과학책,랜들 먼로
20,신도 주사위 놀이를 한다,이언 스튜어트
21,지구에서 스테이,김혜순
22,아직 트라우마를 겪고 있지만,하강산
23,우리 술 한주 기행,백웅재
24,50의 품격은 말투로 완성된다,김범준
25,"스물아홉 생일, 1년 후 죽기로 결심했다",하야마 아마리
26,21세기를 위한 21가지 제언,유발 하라리
27,여덟 단어,박웅현
28,이기적 유전자,리처드 도킨스
29,타이탄의 도구들,팀 페리스
30,"푸른 사자 와니니 . 3 , 새로운 약속",이현
31,"1일 1페이지, 세상에서 가장 짧은 심리 수업 365",정여울
32,인간으로 사는 일은 하나의 문제입니다,김영민
33,어린이라는 세계,김소영
34,어떻게 말해줘야 할까,오은영
35,완전한 행복,정유정
36,사람이 염치가 있어야지,이주연
37,증언들,마거릿 애트우드
38,아직도 내 아이를 모른다,대니얼 J 시겔
39,트라우마 사전,안젤라 애커만
40,진실의 흑역사,톰 필립스
41,가해자들,정소현
42,식물에게 배우는 네 글자,이선
43,세상의 모든 X,문환구
44,괴물 과학 안내서,곽재식
45,오늘도 쾌변,박준형
46,"요가, 몸으로 신화를 그리다",클레망틴 에르피쿰
47,아이의 두뇌는 부부의 대화 속에서 자란다,아마노 히카리
48,집에서 하는 몬테소리 놀이 150,실비 데스클레브
49,7년의 밤,정유정
50,언어의 역사,데이비드 크리스털
51,앵무새 죽이기,하퍼 리
52,수레바퀴 아래서,헤르만 헤세
53,부자언니 부자특강,유수진
54,아직 멀었다는 말,권여선
55,오리진,루이스 다트넬
56,날씨가 좋으면 찾아가겠어요,이도우
57,"튜브, 힘낼지 말지는 내가 결정해",하상욱
58,나는 나로 살기로 했다,김수현
59,미움받을 용기,기시미 이치로
60,"밀정, 우리 안의 적",이재석
61,아낌없이 주는 나무,쉘 실버스타인
62,13층 나무 집,앤디 그리피스
63,옥상에서 만나요,정세랑
64,말의 품격 : 말과 사람과 품격에 대한 생각들,이기주
65,데미안,헤르만 헤세
66,(지적이고 아름다운 삶을 위한) 라틴어 수업,한동일
67,검사내전,김웅
68,신경 끄기의 기술,마크 맨슨
69,무례한 사람에게 웃으며 대처하는 법,정문정
70,열두 살 장래 희망,박성우
71,가짜 뉴스를 시작하겠습니다,김경옥
72,갑자기 악어 아빠,소연
73,미워하는 미워하는 미워하는 마음 없이,유지혜
74,책과 노니는 집,이영서
75,바꿔!,박상기
76,수박 수영장,안녕달
77,"걷는 사람, 하정우",하정우
78,역사의 역사,유시민
79,마음의 심연,프랑수아즈 사강
80,다정소감,김혼비
81,우리말 어감사전,안상순
82,메타버스,김상균
83,엄마 도감,권정민
84,NFT 레볼루션,성소라
85,오늘도 상처받았나요?,마스다 미리
86,오늘부터 배프! 베프!,지안
87,트렌드 코리아. 2022,김난도
88,오늘은 용돈 받는 날,연유진
89,아빠 자판기,조경희
90,작별하지 않는다,한강
91,오은영의 화해,오은영
92,그냥 하지 말라,송길영
93,1차원이 되고 싶어,박상영
94,주식투자 절대 원칙,박영옥
95,행성어 서점,김초엽
96,돈의 시나리오,김종봉
97,일기,황정은
98,럭키,김도윤
99,웰씽킹,켈리 최
100,불편한 편의점,김호연
101,엄마 자판기,조경희
102,서찰을 전하는 아이,한윤섭
103,이수정 이다혜의 범죄 영화 프로파일,이수정
104,거꾸로 읽는 세계사,유시민
105,"위풍당당 여우 꼬리 . 1 , 으스스 미션 캠프",손원평
106,장수탕 선녀님,백희나
107,양순이네 떡집,김리리
108,세금 내는 아이들,옥효진
109,몬스터 차일드,이재문
110,이것저것들의 하루,마이크 바필드
111,욕 좀 하는 이유나,류재향
112,형제자매는 한 팀,니콜라 슈미트
113,담을 넘은 아이,김정민
114,내 인생 최고의 하루,이승민
115,"나는 여덟 살, 학교에 갑니다",김해선
116,걱정 세탁소,홍민정
117,(10대를 위한)정의란 무엇인가,마이클 샌델
118,밝은 밤,최은영
119,지구 끝의 온실,김초엽
120,베서니와 괴물의 복수,잭 메기트 필립스
121,뭐가 되고 싶냐는 어른들의 질문에 대답하는 법,알랭 드 보통
122,떡볶이는 달다,홍민정
123,수학 잘하는 아이는 이렇게 공부합니다,류승재
124,"오늘 밤, 세계에서 이 사랑이 사라진다 해도",이치조 미사키
125,이어령의 마지막 수업,김지수
126,하늘에서 돌이 쿵!,존 클라센
127,작은 별이지만 빛나고 있어,소윤
128,(초등학생이 알아야 할) 참 쉬운 정치,알렉스 프리스
129,아몬드,손원평
130,대한민국 부동산 사용설명서,김학렬
131,아홉 살 마음 사전,박성우
132,임계장 이야기,조정진
133,멋진 신세계,올더스 헉슬리
134,히틀러의 음식을 먹는 여자들,로셀라 포스토리노
135,돈의 흐름이 보이는 회계 이야기,구상수
136,악플 전쟁,이규희
137,열두 살에 부자가 된 키라,보도 섀퍼
138,(읽으면서 바로 써먹는) 어린이 속담,한날
139,(읽으면서 바로 써먹는) 어린이 관용구,한날
140,잘못 뽑은 반장,이은재
141,아홉 살 느낌 사전,박성우
142,상페의 음악,장자크 상페
143,여름비,마르그리트 뒤라스
144,다양성을 엮다,강호정
145,종교와 돈의 역사 : 그 은밀한 관계,시라토리 하루히코
146,우리를 지키는 법,노윤호
147,고도일보 송가을인데요,송경화
148,장군이네 떡집,김리리
149,"정재승의 인간탐구보고서. 1, 인간은 외모에 집착한다",정재승
150,모모,미하엘 엔데
151,마틸다,로알드 달
152,우리를 속이는 말들,박홍순
153,노래가 필요한 날,김창기
154,은유로 보는 한국 사회,나익주
155,책에 바침,부르크하르트 슈피넨
156,번역은 연애와 같아서,이상원
157,사랑 앞에 두 번 깨어나는,오성은
158,"인공지능 시대, 십대를 위한 미디어 수업",정재민
159,아름다운 아이,R J 팔라시오
160,찰리와 초콜릿 공장,로알드 달
161,만복이네 떡집,김리리
162,예술가의 손끝에서 과학자의 손길로,김은진
163,르코르뷔지에,신승철
164,책 먹는 여우와 이야기 도둑,프란치스카 비어만
165,푸른 사자 와니니,이현
166,한밤중 달빛 식당,이분희
167,수학 귀신,한스 마그누스 엔첸스베르거
168,베서니와 괴물의 묘약,잭 메기트 필립스
169,소원 떡집,김리리
170,내 이름은 삐삐 롱스타킹,아스트리드 린드그렌
171,건방이의 건방진 수련기,천효정
172,떠난 후에 남겨진 것들,김새별
173,나무 그림책 편지,임효정
174,언어 전쟁,정형철
175,개구리 수프,아잔 브라흐마
176,풍경의 깊이,강요배
177,감정의 미래,케이틀린 유골릭 필립스
178,나는 기린 해부학자입니다,군지 메구
179,변신돼지,박주혜
180,복제인간 윤봉구,임은하
181,"아드님, 진지드세요",강민경
182,늑대가 온다,최현명
183,문해력 공부,김종원
184,(마음을 움직이는) 향기의 힘,로베르트 뮐러 그뤼노브
185,불량한 자전거 여행,김남중
186,샬롯의 거미줄,엘윈 브룩스 화이트
187,꽝 없는 뽑기 기계,곽유진
188,꽃들에게 희망을,트리나 폴러스
189,"고양이 해결사 깜냥 . 1 , 아파트의 평화를 지켜라!",홍민정
190,리디아의 정원,사라 스튜어트
191,누가 내 머리에 똥 쌌어?,베르너 홀츠바르트
192,SF 유니버스를 여행하는 과학 이야기,전홍식
193,(곽재식의) 세균 박람회,곽재식
194,이러다 지구에 플라스틱만 남겠어,강신호
195,피아노 이야기,러셀 셔먼
196,"빌트, 우리가 지어 올린 모든 것들의 과학",로마 아그라왈
197,바다거북 수프를 끓이자,미야시타 나츠
198,비만의 사회학,박승준
199,5.18 푸른 눈의 증인,폴 코트라이트
200,왕비들의 전쟁,박영규
201,5번 레인,은소홀
202,(믿긴 싫지만 너무 궁금한) 미신 이야기,샐리 쿨타드
203,살아가듯 일하다,나카무라 겐타
204,내가 왜 계속 살아야 합니까,윌 듀런트
205,집에서 찾아가는 서울의 보물,권동현
206,"파이아키아, 이야기가 남았다",이동진
207,아무도 나에게 물어보지 않았던 것들,정진
208,"방구석 미술관. 2, 한국",조원재
209,백설공주에게 죽음을,넬레 노이하우스
210,풀꽃도 꽃이다 . 2,조정래
211,풀꽃도 꽃이다 . 1,조정래
212,한 컷의 인문학,권기복
213,빈곤이 오고 있다,신명호
214,조용한 희망,스테퍼니 랜드
215,동쪽의 밥상,엄경선
216,천리 밖에서 나는 죽고 그대는 살아서,정창권
217,"시티 픽션, 지금 어디에 살고 계십니까?",조남주
218,피버 드림,사만타 슈웨블린
219,네가 나보다 잘 살았으면 좋겠다,박윤미
220,맹랑한 국어사전 탐방기,박일환
221,우리가 빛의 속도로 갈 수 없다면,김초엽
222,강남 사장님,이지음
223,그녀 이름은,조남주
224,마력의 태동,히가시노 게이고
225,완벽한 공부법,고영성
226,가면산장 살인사건,히가시노 게이고
227,쇼코의 미소,최은영
228,경애의 마음,김금희
229,왜 나는 너를 사랑하는가,알랭 드 보통
230,파리대왕,윌리엄 골딩
231,악의,히가시노 게이고
232,재즈가 된 힙합,하닙 압두라킵
233,동네 의사와 기본소득,정상훈
234,천장의 무늬,이다울
235,당신의 자리는 비워둘게요,조해진
236,언컨택트,김용섭
237,당신은 뇌를 고칠 수 있다,톰 오브라이언
238,시작의 기술,개리 비숍
239,여행의 이유,김영하
240,4학년 5반 불평쟁이들,전은지
241,완벽하지 않은 것들에 대한 사랑,혜민
242,시와 산책,한정원
243,요즘 애들,앤 헬렌 피터슨
244,1일 1페이지 조선사 365,유정호
245,여름은 오래 그곳에 남아,마쓰이에 마사시
246,"채사장의 지대넓얕 . 1 , 권력의 탄생",채사장
247,디플레 전쟁,홍춘욱
248,친절한 대학의 다시 배우는 영어 교실 . 2,이상현
249,"내일의 부 . 1 , 알파편",조던 김장섭
250,"(꿈을 이루는 어린이를 위한) 1퍼센트의 비밀 . 2 , 시간 관리와 약속 지키기",하나마루학습회
251,"재인, 재욱, 재훈",정세랑
252,초등 국어 뿌리 공부법,민성원
253,바늘과 가죽의 시,구병모
254,일인칭 단수,무라카미 하루키
255,스토아 수업,라이언 홀리데이
256,죽어야 끝나는 야구 환장 라이프,쌍딸
257,싱크 어게인,애덤 그랜트
258,"디테일 사전. [2], 시골편",안젤라 애커만
259,"흔한남매 과학 탐험대 . 1 , 우주",흔한남매
260,"고양이 해결사 깜냥 . 3 , 태권도의 고수가 되어라!",홍민정
261,수상한 화장실,박현숙
262,지금은 나만의 시간입니다,김유진
263,달러구트 꿈 백화점,이미예
264,"달러구트 꿈 백화점 . 2 , 단골손님을 찾습니다",이미예
265,모두 같은 달을 보지만 서로 다른 꿈을 꾼다,김동조
266,아들 성교육 하는 법,손경이
267,수학이 만만해지는 책,스테판 바위스만
268,비밀 소원,김다노
269,내가 사랑한 화가들,정우철
270,"돈, 뜨겁게 사랑하고 차갑게 다루어라",앙드레 코스톨라니
271,부의 인문학,브라운스톤
272,2030 축의 전환,마우로 F 기옌
273,그러라 그래,양희은
274,파친코,이민진
275,이상하지도 아프지도 않은 아이 : 장애인권 이야기,김예원
276,수상한 방송실,박현숙
277,돈의 심리학,모건 하우절
278,지구인만큼 지구를 사랑할 순 없어,정세랑
279,거인 부벨라와 지렁이 친구,조 프리드먼
280,엄마의 20년,오소희
281,내 가방 속 하트,주미경
282,내 잠버릇의 비밀,요시타케 신스케
283,(흔한남매) 불꽃 튀는 우리말 . 1,흔한남매
284,잘 혼나는 기술,박현숙
285,긴긴밤,루리
286,틀 밖에서 놀게 하라,김경희
287,미러,루이스 L 헤이
288,바보의 세계,장프랑수아 마르미옹
289,기억 전달자,로이스 로리
290,모래알만 한 진실이라도,박완서
291,야생의 위로,에마 미첼
292,친구의 전설,이지은
293,고구마구마,사이다
294,내 몸과의 전쟁,피지컬갤러리
295,영어책 읽기의 힘,고광윤
296,깊은 밤 필통 안에서,길상효
297,돈의 역사는 되풀이된다,홍춘욱
298,애쓰지 않고 편안하게,김수현
299,파친코 . 2,이민진
300,아주 작은 습관의 힘,제임스 클리어
301,(흔한남매의) 흔한 호기심. 1,흔한남매
302,이게 정말 나일까?,요시타케 신스케
303,"고양이 해결사 깜냥 . 2 , 최고의 요리에 도전하라!",홍민정
304,사람은 어떻게 생각하고 배우고 기억하는가,제레드 쿠니 호바스
305,소년들을 위한 내 몸 안내서,스콧 토드넘
306,"아무튼, 메모",정혜윤
307,"푸른 사자 와니니 . 2 , 검은 땅의 주인",이현
308,존 메이너드 케인스,재커리 D 카터
309,공부의 본질,이윤규
310,공간이 만든 공간,유현준
311,마지막 몰입 : 나를 넘어서는 힘,짐 퀵
312,정리하는 뇌,대니얼 J 레비틴
313,사랑 밖의 모든 말들,김금희
314,"칵테일, 러브, 좀비",조예은
315,침묵,돈 드릴로
316,아주 오래된 유죄,김수정
317,82년생 김지영,조남주
318,아노말리,에르베 르 텔리에
319,(사경인의) 친절한 투자 과외,사경인
320,쓰고 싶다 쓰고 싶지 않다,전고운
321,새롭게 만나는 한국 신화,이경덕
322,무해한 하루를 시작하는 너에게,신지혜
323,하체 밸런스 스트레칭,다카하시 유키
324,당신을 찾아서,정호승
325,스패로,메리 도리아 러셀
326,걷기의 세계,셰인 오마라
327,지구의 모든 지식,테리 덴톤
328,영어독립 365,영어독립단어 콘텐츠팀
329,철학책 독서 모임,박동수
330,작별인사,김영하
331,아가씨와 밤,기욤 뮈소
332,당신의 마음을 안아줄게요,김지훈
333,내가 확실히 아는 것들,오프라 윈프리
334,자존감 수업,윤홍균
335,선량한 차별주의자,김지혜
336,물러서지 않는 마음,이준형
337,"내일의 부 . 2 , 오메가편",조던 김장섭
338,농경의 배신,제임스 C 스콧
339,방구석 미술관,조원재
340,내가 원하는 것을 나도 모를 때,전승환
341,부자 아빠 가난한 아빠,로버트 기요사키
342,유시민의 글쓰기 특강,유시민
343,채식주의자,한강
344,나는 대출 없이 0원으로 소형 아파트를 산다,잭파시
345,마음의 법칙,폴커 키츠
346,거의 모든 전쟁의 역사,제러미 블랙
347,트라우마는 어떻게 삶을 파고드는가,폴 콘티
348,어느 날 마음속에 나무를 심었다,권남희
349,지쳤거나 좋아하는 게 없거나,글배우
350,"오늘부터 딱 1년, 이기적으로 살기로 했다",샘 혼
351,12가지 인생의 법칙 : 혼돈의 해독제,조던 B 피터슨
352,오래도록 젊음을 유지하고 건강하게 죽는법,스티븐 R 건드리
353,못 참는 아이 욱하는 부모,오은영
354,(댄 애리얼리) 부의 감각,댄 애리얼리
355,도파민네이션,애나 렘키
356,"낭만 강아지 봉봉 . 1 , 똥개 아니고 번개",홍민정
357,뉴욕 정신과 의사의 사람 도서관,나종호
358,"닌니와 악몽가게 . 2 , 흡혈귀의 사라진 이빨",막달레나 하이
359,모든 비밀에는 이름이 있다,서미애
360,바디,빌 브라이슨
361,아내를 모자로 착각한 남자,올리버 색스
362,"멈추면, 비로소 보이는 것들 : 혜민 스님과 함께하는 내 마음 다시보기",혜민
363,닥터 K의 이상한 해부학 실험실 . 2,애덤 케이
364,"디즈니 기묘한 소원 . 1 , 새로운 친구들",베라 스트레인지
365,어금니 깨물기,김소연
366,통찰지능,최연호
367,적당히 육아법,하세가와 와카
368,"읽고 쓴다는 것, 그 거룩함과 통쾌함에 대하여",고미숙
369,뭐든 해 봐요,김동현
370,럭키 드로우,드로우앤드류
371,게으르다는 착각,데번 프라이스
372,마음이 하는 일,오지은
373,너와 함께라면 인생도 여행이다,나태주
374,인생의 마지막 순간에서,샐리 티스데일
375,시베리아의 딸 김알렉산드라,김금숙
376,피프티 피플,정세랑
377,프랑스 아이처럼,파멜라 드러커맨
378,열한 계단,채사장
379,코코 샤넬 세기의 아이콘,론다 개어릭
380,청의 왕 : 왕의 탄생,히로시마 레이코
381,월든,헨리 데이빗 소로우
382,꽃을 보듯 너를 본다,나태주
383,핵을 들고 도망친 101세 노인,요나스 요나손
384,퀸즐랜드 자매로드,황선우
385,인간관계 착취,훙페이윈
386,더 해빙,이서윤
387,세상에서 가장 짧은 한국사,김재원
388,세븐 테크,김미경
389,기분을 관리하면 인생이 관리된다,김다슬
390,굿모닝 해빗,멜 로빈스
391,수상한 놀이터,박현숙
392,"아홉 살 관계 사전. [2], 어울림",김정
393,세금 내는 아이들의 생생 경제 교실 . 1,최재훈
394,극장에 대하여,이승엽
395,한글의 감정,조현용
396,꽤 괜찮은 해피엔딩,이지선
397,"시작합니다, 비폭력대화",마리안느 두브레르
398,오늘도 약을 먹었습니다,박한슬
399,하루 한마디 인문학 질문의 기적,김종원
400,정의란 무엇인가,마이클 샌델
401,(설민석의) 삼국지 . 2,설민석
402,조선 최고 꾼,김정민
403,감정 어휘,유선경
404,내가 살인자의 마음을 읽는 이유,권일용
405,언제나 밤인 세계,하지은
406,니클의 소년들,콜슨 화이트헤드
407,청의 왕 : 탑의 소녀,히로시마 레이코
408,아버지에게 갔었어,신경숙
409,(설민석의) 삼국지 . 1,설민석
410,책의 말들,김겨울
411,무엇이 옳은가,후안 엔리케스
412,응급실의 소크라테스,곽경훈
413,물고기는 존재하지 않는다,룰루 밀러
414,교양이 쌓일 만두 하지?,팀 교양만두
415,내가 틀릴 수도 있습니다,비욘 나티코 린데블라드
416,어린이 저작권 교실,임채영
417,"아홉 살 관계 사전 . [1] , 자존감",김정
418,"빨강, 하양 그리고 완전한 하나",라자리 라로카
419,우리가 간신히 희망할 수 있는 것,김영민
420,예술적 상상력,오종우
421,비밀 숙제,김다노
422,불붙은 링을 뛰어넘는 소년,허교범
423,당신은 결국 무엇이든 해내는 사람,김상현
424,(이정현의) 집밥 레스토랑,이정현
425,사피엔스,유발 하라리
426,부의 추월차선,엠제이 드마코
427,뉴턴의 아틀리에,김상욱
428,(공부머리 만드는) 그림책 놀이 일 년 열두 달,박형주
429,거짓의 봄,후루타 덴
430,우리는 우주를 꿈꾼다,에린 엔트라다 켈리
431,28,정유정
432,(0세부터 시작하는) 감정조절 훈육법,김수연
433,"엉뚱하지만 과학입니다 . 5 , 오줌을 참으면 생기는 일",원종우
434,나도 세금 내는 아이가 될래요!,옥효진
435,첫 문장의 힘,샌드라 거스
436,"입시 설계, 초등부터 시작하라",진동섭
437,디 앤서,뉴욕주민
438,나 혼자만 알고 싶은 영어책 : 순한 맛,피유진
439,그림책 한 권의 힘,이현아
440,코스모스,칼 세이건
441,데미안,헤르만 헤세
442,"아홉 살 돈 습관 사전. [1], 생활편",박정현
443,아홉 살 돈 습관 사전 : 학습편,박정현
444,"우리들의 MBTI. 2, 친구 관계",조수연
445,"닌니와 악몽 가게 . 1 , 끔찍한 간지럼 가루의 비밀",막달레나 하이
446,"낭만 강아지 봉봉 . 2 , 진짜 주인 찾기",홍민정
447,오늘 밤은 굶고 자야지,박상영
448,"그릿 : IQ, 재능, 환경을 뛰어넘는 열정적 끈기의 힘",앤절라 더크워스
449,페스트,알베르 카뮈
450,(정재승의) 과학콘서트,정재승
451,미스 함무라비,문유석
452,상관없는 거 아닌가?,장기하
453,"곰돌이 푸, 서두르지 않아도 괜찮아",곰돌이 푸
454,엄마표 영어 이제 시작합니다,누리보듬
455,엄마를 부탁해,신경숙
456,비하인드 도어,B A 패리스
457,달리기를 말할 때 내가 하고 싶은 이야기,무라카미 하루키
458,부자 되는 법을 가르쳐 드립니다,라밋 세티
459,나는 무조건 합격하는 공부만 한다,이윤규
460,압축 공부,조승우
461,클라라와 태양,가즈오 이시구로
462,키키 키린의 말,고레에다 히로카즈
463,"난처한 경제 이야기 . 2 , 시장과 교역 편-우리는 왜 사고팔까?",송병건
464,꽃샘바람에 흔들린다면 너는 꽃,류시화
465,(최재천의)공부,최재천
466,"어느 날, 내 죽음에 네가 들어왔다",세이카 료겐
467,미끄러지는 말들,백승주
468,불안의 철학,기시미 이치로
469,어른의 일기,김애리
470,애쓰지 않아도,최은영
471,에이트 : 인공지능에 대체되지 않는 나를 만드는 법,이지성
472,경제기사 궁금증 300문 300답,곽해선
473,전쟁일기,올가 그레벤니크
474,역행자,자청
475,"어서 오세요, 휴남동서점입니다",황보름
476,저만치 혼자서,김훈
477,"곰돌이 푸, 행복한 일은 매일 있어",곰돌이 푸
478,모든 순간이 너였다,하태완
479,미라클모닝,할 엘로드
480,아픔이 길이 되려면,김승섭
481,해리. 1,공지영
482,90년생이 온다,임홍택
483,마녀체력,이영미
484,역사의 쓸모,최태성
485,미 비포 유,조조 모예스
486,그레이스,마거릿 애트우드
487,칼 비테 교육법,칼 비테 원저
488,상처받지 않는 영혼,마이클 A 싱어
489,철학은 어떻게 삶의 무기가 되는가,야마구치 슈
490,나는 3학년 2반 7번 애벌레,김원아
491,소년이 온다,한강
492,초등 매일 공부의 힘,이은경
493,수상한 기차역,박현숙
494,수학약점 공략법,송재환
495,새의 언어,데이비드 앨런 시블리
496,공간의 미래,유현준
497,변화하는 세계 질서,레이 달리오
498,읽으면 수학천재가 되는 만화책 : 초등A,Team Story G
499,"아무튼, 노래",이슬아
500,너무 잘하려고 애쓰지 마라,나태주
501,밤의 끝을 알리는,심규선
502,나의 투자는 새벽 4시에 시작된다,유목민
503,아이의 떼 거부 고집을 다루다,정유진
504,관계의 과학,김범준
505,호모 데우스 : 미래의 역사,유발 하라리
506,위험한 비너스,히가시노 게이고
507,엄마 반성문,이유남
508,개인주의자 선언,문유석
509,어디서 살 것인가,유현준
510,어떻게 살 것인가,유시민
511,시간을 파는 상점. [1],김선영
512,봉제인형 살인사건,다니엘 콜
513,지적 대화를 위한 넓고 얕은 지식 : 제로편,채사장
514,광장·구운몽,최인훈
515,가지 말라는데 가고 싶은 길이 있다,나태주
516,질서 너머,조던 B 피터슨
517,시선으로부터,정세랑
518,살인자의 기억법,김영하
519,나는 단순하게 살기로 했다,사사키 후미오
520,깨어있는 부모,셰팔리 차바리
521,지리의 힘,팀 마샬
522,새로운 가난이 온다,김만권
523,"빌 게이츠, 기후 재앙을 피하는 법",빌 게이츠
524,전국축제자랑,김혼비
525,심리죄 : 검은강,레이미
526,(엄마가 알려주는) 아이의 말공부,임영주
527,타인의 해석,말콤 글래드웰
528,귀신도 반한 숲속 라면 가게,이서영
529,교실에서 세계 시민 되기 : 초등 편,강혜미
530,뭔말 과학 용어 200 . 2,장성규
531,고래 233마리,곽재식
532,빅토리 노트,이옥선
533,레슨 인 케미스트리 . 1,보니 가머스
534,인플레이션에서 살아남기,오건영
535,해빗,웬디 우드
536,딸에 대하여,김혜진
537,두근두근 내 인생,김애란
538,루팡의 딸,요코제키 다이
539,미래 산책 연습,박솔뫼
540,공부머리 독서법,최승필
541,열두 발자국,정재승
542,당신이 옳다,정혜신
543,죽고 싶지만 떡볶이는 먹고 싶어. [1],백세희
544,아몬드,손원평
545,용의자 X의 헌신,히가시노 게이고
546,비행운,김애란
547,우리가 인생이라 부르는 것들,정재찬
548,영어회화 100일의 기적 . 2,문성현
549,영어회화 100일의 기적,문성현
550,언어의 온도,이기주
551,(어맛!) 뉴스 어휘 맛집,배정진
552,"깊은 밤 필통 안에서 . 2 , 까만 연필의 정체",길상효
553,밤을 걷는 밤,유희열
554,젊은작가상 수상작품집. 제12회(2021),전하영
555,어떤 죽음이 삶에게 말했다,김범석
556,도움받는 기분,백은선
557,나를 돌보지 않는 나에게,정여울
558,하루 3줄 초등 글쓰기의 기적,윤희솔
559,호밀밭의 파수꾼,J D 샐린저
560,"엉뚱하지만 과학입니다 . 2 , 진짜 발 냄새를 찾아라!",원종우
561,"엉뚱하지만 과학입니다 . 1 , 개가 똥을 누는 방향은?",원종우
562,"똥볶이 할멈 . 3 , 나쁜 어린이는 없다",강효미
563,"디즈니 기묘한 소원 . 2 , 최고의 아이",베라 스트레인지
564,SF 거장과 걸작의 연대기,김보영
565,돈의 속성,김승호
566,하마터면 열심히 살 뻔했다,하완
567,보건교사 안은영,정세랑
568,위험한 과학책,랜들 먼로
569,말센스,셀레스트 헤들리
570,"알로하, 나의 엄마들",이금이
571,디디의 우산,황정은
572,스노볼 드라이브,조예은
573,웹소설 써서 먹고삽니다,정무늬
574,(비울수록 사람을 더 채우는) 말 그릇,김윤나
575,파리의 아파트,기욤 뮈소
576,예언,김진명
577,유튜브의 신,대도서관
578,영어책 한 권 외워봤니?,김민식
579,바다의 기도,할레드 호세이니
580,노마드랜드,제시카 브루더
581,대전환의 시대,짐 로저스
582,절대 배신하지 않는 공부의 기술,이상욱
583,오거와 고아들,켈리 반힐
584,뭔말 과학 용어 200 . 1,장성규
585,루호,채은하
586,건방이의 속담 수련기,천효정
587,"엉뚱하지만 과학입니다 . 4 , 우리 화성으로 이사 갈래?",원종우
588,달까지 가자,장류진
589,넛지,리처드 탈러
590,내 아이 자산관리 바이블,고미숙
591,시하와 칸타의 장,이영도
592,젊은작가상 수상작품집 . 제11회(2020),강화길
593,법 만드는 아이들,옥효진
594,"벌거벗은 세계사 . 1 , 알렉산드로스 대왕과 진시황제의 통일 제국",이현희
595,위저드 베이커리,구병모
596,내게 무해한 사람,최은영
597,돌이킬 수 없는 약속,야쿠마루 가쿠
598,아침에는 죽음을 생각하는 것이 좋다,김영민
599,"엉뚱하지만 과학입니다 . 3 , 방귀로 말한다고?",원종우
600,걱정을 없애주는 마카롱,성주희
601,"서른살, 비트코인으로 퇴사합니다",강기태
602,나의 문구 여행기,문경연
603,130층 나무 집,앤디 그리피스
604,이토록 공부가 재미있어지는 순간,박성혁
605,나의 한국현대사 : 1959-2020,유시민
606,어쩌면 스무 번,편혜영
607,천문학자는 별을 보지 않는다,심채경
608,우리들의 MBTI,조수연
609,"똥볶이 할멈 . 2 , 어른들의 들켜야 할 비밀",강효미
610,"똥볶이 할멈 . 1 , 아이들을 지켜라!",강효미
611,목소리를 드릴게요,정세랑
612,팩트풀니스,한스 로슬링
613,한 줄 정리의 힘,아사다 스구루
614,날씨가 좋으면 찾아가겠어요,이도우
615,일기시대,문보영
616,강방천의 관점,강방천
617,"(슈퍼개미 김정환에게 배우는) 나의 첫 투자 수업 . 2 , 투자편",김정환
618,끝까지 남겨두는 그 마음,나태주
619,기분 가게,도키 나쓰키
620,노랜드,천선란
621,친절한 대학의 다시 배우는 영어 교실 . 1,이상현
622,데미안,헤르만 헤세
623,(스타강사 사경인 회계사의) 재무제표 모르면 주식투자 절대로 하지마라,사경인
624,우리는 이 별을 떠나기로 했어,천선란
625,"아들아, 돈 공부해야 한다",정선용
626,143층 나무 집,앤디 그리피스
627,영어 회화의 결정적 단어들,서영조
628,나의 월급 독립 프로젝트,유목민
629,불안,알랭 드 보통
630,김이나의 작사법,김이나
631,숨결이 바람 될 때,폴 칼라니티
632,일단 오늘은 나한테 잘합시다,도대체
633,엄마의 자존감 공부,김미경
634,예의 없는 친구들을 대하는 슬기로운 말하기 사전,김원아
635,소원 코딱지를 드릴게요,이승민
636,천 개의 뇌,제프 호킨스
637,(오은영 박사가 전하는) 금쪽이들의 진짜 마음속,오은영
638,녹나무의 파수꾼,히가시노 게이고
639,의미 있는 삶을 위하여,알렉스 룽구
640,리더의 용기,브레네 브라운
641,나는 내가 죽었다고 생각했습니다,질 볼트 테일러
642,소년이 온다,한강
643,세습 중산층 사회,조귀동
644,부지런한 사랑,이슬아
645,불안한 엄마 무관심한 아빠 : 오은영 박사의 불안감 없는 육아 동지 솔루션,오은영
646,종의 기원,정유정
647,나는 어른이 되어서도 가끔 울었다,투에고
648,나는 마트 대신 부동산에 간다,김유라
649,도시는 무엇으로 사는가,유현준
650,소년과 새와 관 짜는 노인,마틸다 우즈
651,(법륜 스님의) 행복,법륜
652,짱깨주의의 탄생,김희교
653,더 찬스,김영익
654,브라질에 비가 내리면 스타벅스 주식을 사라,피터 나바로
655,나로서 충분히 괜찮은 사람,김재식
656,"난처한 경제 이야기 . 1 , 기본 편-경제와 친해지는 준비 운동",송병건
657,"읽으면 수학천재가 되는 만화책. [2], 초등B",Team Story G
658,(수학 잘하는 아이를 만드는) 초등수학 심화 공부법,류승재
659,(백만장자)시크릿,하브 에커
660,숨,테드 창
661,오베라는 남자,프레드릭 배크만
662,해리. 2,공지영
663,상실의 시대,무라카미 하루키
664,"안녕, 소중한 사람",정한경
665,"왕진 가방 속의 페미니즘, 동네 주치의의 명랑 뭉클 에세이",추혜인
666,최강의 육아,트레이시 커크로
667,좋은지 나쁜지 누가 아는가,류시화
668,운다고 달라지는 일은 아무것도 없겠지만,박준
669,창문 넘어 도망친 100세 노인,요나스 요나손
670,"(그림으로 수학 잡는) 깨봉수학교실 . 1 , 수의 DNA ＆ 분수",조봉한
671,대박 쉽게 숙제하는 법,천효정
672,떴다! 배달룡 선생님,박미경
673,둥실이네 떡집,김리리
674,설레는 건 많을수록 좋아,김옥선
675,바람과 함께 살아지다,신운선
676,신비한 유령 박물관,박현숙
677,김경일의 지혜로운 인간생활,김경일
678,빌 게이츠 넥스트 팬데믹을 대비하는 법,빌 게이츠
679,수상한 중고상점,미치오 슈스케
680,(초등학생을 위한 똑똑한) 좋은 뉴스,라슈미 시르데슈판드
681,(읽으면서 바로 써먹는) 어린이 한국사 퀴즈. 1,한날
682,너의 하늘을 보아,박노해
683,류,히가시야마 아키라
684,나는 둔감하게 살기로 했다,와타나베 준이치
685,우리가 세상을 바꿀 거예요,공윤희
686,오십의 주역공부,김동완
687,"아무튼, 피아노",김겨울
688,혼공하는 아이들,이상학
689,달콩이네 떡집,김리리
690,호호호,윤가은
691,(읽으면서 바로 써먹는) 어린이 한국사 퀴즈 . 2,한날
692,H마트에서 울다,미셸 자우너
693,"(흔한남매) 이상한 나라의 고전 읽기 . 1 , 춘향전·토끼전·옹고집전",최재훈
694,여름 방학 숙제 조작단,이진하
695,"예순 살, 나는 또 깨꽃이 되어",이순자
696,기적일지도 몰라,최희서
697,행성 . 2,베르나르 베르베르
698,무례한 사람에게 휘둘리지 않는 법,정재훈
699,삶이 허기질 때 나는 교양을 읽는다,지식 브런치
700,세상의 마지막 기차역,무라세 다케시
701,흔한남매 오해요,흔한남매
702,닥터 K의 이상한 해부학 실험실 . 1,애덤 케이
703,지퍼백 아이,김유
704,"이것저것들의 하루 . 3 , 갯벌, 한라산 그리고 고추장의 하루",이혜진
705,지겨운 공부 왜 해야 해?,정재영
706,행성 . 1,베르나르 베르베르
707,헤르만 헤세의 책이라는 세계,헤르만 헤세
708,나쁜 말 사전,박효미
709,단어의 여왕,신소영
710,(읽으면서 바로 써먹는) 어린이 사자성어,한날
711,신비한 동의·거절 사전,양작가
712,"이것저것들의 하루 . 2 , 바퀴, 파라오 그리고 매머드의 하루",마이크 바필드
713,"운명을 바꾸는 부동산 투자 수업 . [1] , 기초편",정태익
714,"눈, 물",안녕달
715,넬라의 비밀 약방,사라 페너
716,"감정, 정말 다스리기 어려운 걸까?",김민화
717,언더커버 로봇,데이비드 에드먼즈
718,(10대를 위한) 공정하다는 착각,마이클 샌델
719,개념연결 초등 한국사 사전,배성호
720,"무무무 무지개 택배 . 1 , 뒤바뀐 주소",박현숙
721,오리 부리 이야기,황선애
722,부서진 여름,이정명
723,게으름이 습관이 되기 전에,스티브 스콧
724,관심의 지옥,이은재
725,행복하냐는 질문에 대답할 수 없다면,알랭 드 보통
726,냥 작가의 독서록 상담소,즐비
727,인간 욕망의 법칙,로버트 그린
728,"우연히, 웨스 앤더슨",월리 코발
729,우리 인간의 아주 깊은 역사,조지프 르두
730,혼자여서 좋은 직업,권남희
731,연필,김혜은
732,아낌없이 주는 도서관,안토니스 파파테오둘루
733,사랑은 널 자라게 해,박은영
734,탄소 중립이 뭐예요?,장성익
735,비터스위트,수전 케인
736,신기한 현상 사전,코코로사
737,신기한 맛 도깨비식당 . 1,김용세
738,예술의 주름들,나희덕
739,생각의 쓰임,생각노트
740,만약 시간이 존재하지 않는다면,카를로 로벨리
741,초등 공부 전략,방종임
742,"고양이와 왕, 무슨 일을 하지?",닉 샤랫
743,스스로 행복하라,법정
744,수상한 수학 감옥 아이들,류승재
745,열두 살 주식왕,전지은
746,주식은 그렇게 하는 게 아닙니다,한세구
747,힐러 아이나,김수영
748,수상한 유튜버 과학탐정,윤자영
749,최고의 하품 나는 맛,신채연
750,"안녕, 알래스카",안나 볼츠
751,방랑자들,올가 토카르추크
752,우리가 세상을 이해하길 멈출 때,벵하민 라바투트
753,딸기가 좋아! 토끼 베이커리,마츠오 리카코
754,방구석 요가,나유리
755,키키의 산책,마리 미르겐
756,우리는 여전히 삶을 사랑하는가,에리히 프롬
757,슈퍼 능력 새우,원유순
758,유별난 목공 집,김영
759,귤이,서지현
760,레슨 인 케미스트리 . 2,보니 가머스
761,눈물 한 방울,이어령
762,노이즈 : 생각의 잡음,대니얼 카너먼
763,마녀를 잡아라,로알드 달
764,내 안에 나무,코리나 루켄
765,휴지가 돌돌돌,신복남
766,고양이와 왕,닉 샤랫
767,나태평과 진지해,진수경
768,숨이 차오를 때까지,진보라
769,알수록 신기한 호기심 그림책,테즈카 아케미
770,우리 반 채무 관계,김선정
771,휠체어는 내 다리,프란츠 요제프 후아이니크
772,마지막 레벨 업,윤영주
773,내 멋대로 선생님 뽑기,최은옥
774,소크라테스 익스프레스,에릭 와이너
775,숲은 고요하지 않다,마들렌 치게
776,비밀의 무게,심순
777,우정 그림책,하이케 팔러
778,"위풍당당 여우 꼬리 . 2 , 알쏭달쏭 우정 테스트",손원평
779,용돈 받는 부자들,윌터 안달
780,요괴의 아이를 키우고 있습니다 . 1,히로시마 레이코
781,(필립 코틀러) 마켓 5.0,필립 코틀러
782,인구 대역전,찰스 굿하트
783,미드나잇 라이브러리,매트 헤이그
784,함께,루크 아담 호커
785,용기를 내 비닐장갑!,유설화
786,찰랑찰랑 비밀 하나,황선미
787,"채사장의 지대넓얕 . 2 , 자본이라는 신",채사장
788,"채사장의 지대넓얕 . 3 , 폭력의 시대",채사장
789,어서오세요 만리장성입니다,이정록
790,초원의 연꽃,린다 수 박
791,끼인 날,김고은
792,엄마도 엄마를 사랑했으면 좋겠어,장해주
793,세렌디피티 코드,크리스티안 부슈
794,1시간에 만드는 일주일 반찬,서영자
795,와인에 몹시 진심입니다만,임승수
796,10대를 위한 사피엔스,벵트 에릭 엥홀름
797,얼렁뚱땅 두더지 탐정,카밀라 핀토나토
798,유쾌한 할머니 다정한 할아버지,마우고자타 스벵드로브스카
799,프로세스 이코노미,오바라 가즈히로
800,월급쟁이 부자로 은퇴하라,너나위
801,마음챙김이 일상이 되면 달라지는 것들,캐럴라인 웰치
802,지구를 위한다는 착각,마이클 셸런버거
803,초등과학백과,Gakken Plus
804,알쏭달쏭 상담소,이케가야 유지
805,끝까지 제대로,다비드 칼리
806,방귀 사냥꾼 방구빵,백혜영
807,줄다리기 한바탕,조경숙
808,작은 것들이 만든 거대한 세계,멀린 셀드레이크
809,읽으면 영어천재가 되는 만화책,Mr Sun 어학연구소
810,어린이의 왕이 되겠습니다,야누시 코르착
811,채소밭 농부,지모 아바디아
812,겁내지 않고 그림 그리는 법,이연
813,불량 판결문,최정규
0,하마터면 열심히 살 뻔했다 : 야매 득도 에세이,하완
1,기분이 태도가 되지 않게 : 기분 따라 행동하다 손해 보는 당신을 위한 심리 수업,레몬심리
2,2030 축의 전환 : 새로운 부와 힘을 탄생시킬 8가지 거대한 물결,마우로 기옌
3,"우연히, 웨스 앤더슨 : 그와 함께 여행하면 온 세상이 영화가 된다",월리 코발
4,"거대한 가속 : 포스트 코로나 시대, 우리 앞에 다가온 역사의 변곡점",스콧 갤러웨이
5,"권력의 심리학 : 누가 권력을 쥐고, 권력은 우리를 어떻게 바꾸는가",브라이언 클라스
6,세븐 테크 = Seven tech : 3년 후 당신의 미래를 바꿀 7가지 기술,김미경
7,나의 투자는 새벽 4시에 시작된다 : 3년만에 300억으로 돌아온 유목민의 투자 인사이트,유목민
8,넛지 : 복잡한 세상에서 똑똑한 선택을 이끄는 힘,리처드 탈러
9,수상한 사람들,히가시노 게이고
10,마음이 살짝 기운다 : 나태주 신작 시집,나태주
11,월급쟁이 부자로 은퇴하라,너나위
12,나다운 게 뭔데 : 잡학다식 에디터의 편식 없는 취향 털이,김정현
13,프리워커스 : 일하는 방식에 질문을 던지는 사람들,모빌스 그룹
14,프로젝트 헤일메리,앤디 위어
15,"아들아, 돈 공부해야 한다",정선용(정스토리)
16,"규칙 없음 : 넷플릭스, 지구상 가장 빠르고 유연한 기업의 비밀",리드 헤이스팅스
17,"차이나는 클라스. [6], 마음의 과학 편. 6",JTBC＜차이나는 클라스＞제작팀
18,눈물에는 체력이 녹아있어 : 포기하지 못할 꿈의 기록들,한유리
19,멋진 신세계,올더스 헉슬리
20,나는 오래된 거리처럼 너를 사랑하고 : 진은영 시집,진은영
21,데미안,헤르만 헤세
22,공간이 만든 공간 : 새로운 생각은 어떻게 만들어지는가,유현준
23,공간의 미래 : 코로나가 가속화시킨 공간 변화,유현준
24,빛의 얼굴들 : 빛을 조명하는 네 가지 인문적 시선,조수민
25,지속의 순간들,제프 다이어
26,인간과 사진,제프 다이어
27,창문 넘어 도망친 100세 노인 : 요나스 요나손 장편소설,요나스 요나손
28,고양이. 1,베르나르 베르베르
29,고양이. 2,베르나르 베르베르
30,기억 : 베르나르 베르베르 장편소설. 1,베르나르 베르베르
31,기억 : 베르나르 베르베르 장편소설. 2,베르나르 베르베르
32,문명 : 베르나르 베르베르 장편소설. 1,베르나르 베르베르
33,낯선 사람에게 말 걸기 : 폴 오스터 산문집,폴 오스터
34,그 많던 싱아는 누가 다 먹었을까 : 박완서 장편소설. 19,박완서
35,살짝 욕심이 생겼어,요시타케 신스케
36,우리는 여전히 삶을 사랑하는가,에리히 프롬
37,눈물 한 방울 : 이어령의 마지막 노트 2019~2022,이어령
38,(김경필의) 오늘은 짠테크 내일은 플렉스 : 제대로 혼쭐나며 배우는 재테크 기본기,김경필
39,그러라 그래 : 양희은 에세이,양희은
40,햇빛은 찬란하고 인생은 귀하니까요 : 밀라논나 이야기,장명숙
41,고양이를 버리다 : 아버지에 대해 이야기할 때,무라카미 하루키
42,죽은 자의 집 청소 : 죽음 언저리에서 행하는 특별한 서비스,김완
43,메이크 타임 : 구글벤처스의 혁신적 시간관리법,제이크 냅
44,오사카 사람의 속마음,마스다 미리
45,일하고 일하고 사랑을 하고 : 최지인 시집,최지인
46,채식주의자 : 한강 장편소설,한강
47,소년이 온다 : 한강 장편소설,한강
48,피프티 피플 : 정세랑 장편소설,정세랑
49,달까지 가자 : 장류진 장편소설,장류진
50,대도시의 사랑법 : 박상영 연작소설,박상영
51,일의 기쁨과 슬픔 : 장류진 소설집,장류진
52,우리는 페퍼로니에서 왔어 : 김금희 소설집,김금희
53,타인의 집 : 손원평 소설집,손원평
54,나인 : 천선란 장편소설,천선란
55,마법소녀 은퇴합니다 : 박서련 소설,박서련
56,선량한 차별주의자,김지혜
57,전국축제자랑 : 이상한데 진심인 K-축제 탐험기,김혼비
58,단순한 진심 : 조해진 장편소설,조해진
59,페스트의 밤,오르한 파묵
60,1000년 : 세계가 처음 연결되었을 때,발레리 한센
61,기다릴 때 우리가 하는 말들 : 김병운 소설집,김병운
62,호밀밭의 파수꾼,J.D. 샐린저
63,체호프 단편선,안톤 체호프
64,인간 실격,다자이 오사무
65,브람스를 좋아하세요...,프랑수아즈 사강
66,페스트,알베르 카뮈
67,"시여, 침을 뱉어라",김수영
68,젊은 ADHD의 슬픔 : 정지음 에세이,정지음
69,보건교사 안은영 : 정세랑 장편소설,정세랑
70,딸에 대하여 : 김혜진 장편소설,김혜진
71,네 이웃의 식탁 : 구병모 장편소설,구병모
72,호재 : 황현진 장편소설,황현진
73,정의란 무엇인가,마이클 샌델
74,꽃잎 한 장처럼 : 오늘을 살아가는 당신을 위한 이해인 수녀의 시 편지,이해인
75,아홉 명의 완벽한 타인들,리안 모리아티
76,"(다니엘 핑크) 후회의 재발견 : 더 나은 나를 만드는, 가장 불쾌한 감정의 힘에 대하여",다니엘 핑크
77,나는 매주 시체를 보러 간다 : 서울대학교 최고의 죽음강의,유성호
78,다크호스 : 성공의 표준 공식을 깨는 비범한 승자들의 원칙,토드 로즈
79,"책, 이게 뭐라고 : 읽고 쓰는 인간",장강명
80,"프레임의 힘 : 위기와 기회의 시대, 사고의 틀을 바꿔 문제의 본질을 꿰뚫어라",케네스 쿠키어
81,날씨가 좋으면 찾아가겠어요 : 이도우 장편소설,이도우
82,가짜 노동 : 스스로 만드는 번아웃의 세계,데니스 뇌르마르크
83,단순한 열정 : 아니 에르노 소설,아니 에르노
84,김이나의 작사법 : 우리의 감정을 사로잡는 일상의 언어들,김이나
85,개인주의자 선언 : 판사 문유석의 일상유감,문유석
86,너무 한낮의 연애 : 김금희 소설,김금희
87,바깥은 여름 : 김애란 소설,김애란
88,마시는 사이 : 이현수 에세이,이현수
89,내게 무해한 사람 : 최은영 소설,최은영
90,여행의 이유 : 김영하 산문,김영하
91,빛과 물질에 관한 이론,앤드루 포터
92,다름 아닌 사랑과 자유,김하나 외
93,아직 멀었다는 말 : 권여선 소설,권여선
94,귤의 맛 : 조남주 장편소설,조남주
95,밝은 밤 : 최은영 장편소설,최은영
96,대불호텔의 유령 : 강화길 장편소설,강화길
97,작별하지 않는다 : 한강 장편소설,한강
98,1차원이 되고 싶어 : 박상영 장편소설,박상영
99,H마트에서 울다,미셸 자우너
100,"나, 프랜 리보위츠",프랜 리보위츠
101,장미의 이름은 장미 : 은희경 연작소설,은희경
102,레이디 맥도날드 : 한은형 장편소설,한은형
103,(2022) 젊은작가상 수상작품집. 제13회,임솔아
104,(2022) 김승옥문학상 수상작품집,편혜영
105,가녀장의 시대 : 이슬아 장편소설,이슬아
106,(EBS) 당신의 문해력 : 공부의 기초체력을 키워주는 힘,김윤정
107,종의 기원 : 정유정 장편소설,정유정
108,"반 고흐, 영혼의 편지. [1]",고흐 빈센트 반 고흐
109,그리고 아무도 없었다 : 애거서 크리스티 장편 소설,애거서 크리스티
110,거의 모든 행동 표현의 영어,서영조
111,10배의 법칙 : 성공과 실패를 가르는 유일한 차이,그랜트 카돈
112,세 가지 소원,박완서
113,눈감지 마라 : 이기호 연작 짧은 소설,이기호
114,떨림과 울림 : 물리학자 김상욱이 바라본 우주와 세계 그리고 우리,김상욱
115,"일어날 일은 일어난다 : 양자역학, 창발하는 우주, 생명, 의미",박권
116,"메타버스 사피엔스 : 또 하나의 현실, 두 개의 삶, 디지털 대항해시대의 인류",김대식
117,침묵의 봄,레이첼 카슨
118,"나는 간호사, 사람입니다 : 단 한번의 실수도 허락하지 않는 삶을 사는 사람들의 이야기",김현아
119,포노 사피엔스 = Phono sapiens : 스마트폰이 낳은 신인류,최재붕
120,시간은 흐르지 않는다 : 우리의 직관 너머 물리학의 눈으로 본 우주의 시간,카를로 로벨리
121,우리의 불행은 당연하지 않습니다 : 대한민국의 불편한 진실을 직시하다,김누리
122,(지적이고 아름다운 삶을 위한) 라틴어 수업,한동일
123,"골든 아워 : 생과 사의 경계, 중증외상센터의 기록. 2, 2013-2018",이국종
124,"믿는 인간에 대하여 : 라틴어 수업, 두 번째 시간",한동일
125,"1일 1로그 100일 완성 IT 지식 : 하드웨어, 소프트웨어, 통신, 데이터, 4가지 IT 근육으로 디지털 문해력 기르기",브라이언 W. 커니핸
126,"유럽 최후의 대국, 우크라이나의 역사 : 장대한 동슬라브 종가의 고난에 찬 대서사시",구로카와 유지
127,악의 : 히가시노 게이고 장편소설,히가시노 게이고
128,붉은 손가락,히가시노 게이고
129,질병의 연금술 : 중독과 해독을 넘나드는 독성학의 세계,존 와이스너
130,식물의 책 : 식물세밀화가 이소영의 도시식물 이야기,이소영
131,동쪽 빙하의 부엉이,조너선 C. 슬래트
132,다만 빛과 그림자가 그곳에 있었고,정멜멜
133,왜 나는 너를 사랑하는가,알랭 드 보통
134,메타버스 비긴즈 = Metaverse begins : 인간x공간x시간의 혁명,이승환
135,세계사를 바꾼 전염병 13가지,제니퍼 라이트
136,부의 인문학 : 슈퍼리치의 서재에서 찾아낸 부자의 길,브라운스톤
137,말의 품격 : 말과 사람과 품격에 대한 생각들,이기주
138,적정한 삶 = Appropriate life : 불안의 시대를 살아가는 우리에게 건네는 인지심리학의 위로와 통찰,김경일
139,상처받지 않는 영혼 : 내면의 자유를 위한 놓아 보내기 연습,마이클 A. 싱어
140,돌이킬 수 없는 약속 : 야쿠마루 가쿠 장편소설,야쿠마루 가쿠
141,봉제인형 살인사건 : 다니엘 콜 장편소설,다니엘 콜
142,모순 : 양귀자 장편소설,양귀자
143,레슨 인 케미스트리 : 보니 가머스 장편소설. 1,보니 가머스
144,레슨 인 케미스트리 : 보니 가머스 장편소설. 2,보니 가머스
145,어둠의 눈 : 딘 쿤츠 장편소설,딘 쿤츠
146,마음이 흐르는 대로 : 삶이 흔들릴 때 우리가 바라봐야 할 단 한 가지,지나영
147,불안한 사람들 : 프레드릭 배크만 장편소설,프레드릭 배크만
148,숲속의 자본주의자 : 자본주의의 변두리에서 발견한 단순하지만 완전한 삶,박혜윤
149,니체와 함께 산책을 : 세상의 속도에 휩쓸리지 않고 나를 여행하는 법,시라토리 하루히코
150,플라멩코 추는 남자 : 허태연 장편소설,허태연
151,웰씽킹 : 부를 창조하는 생각의 뿌리,켈리 최
152,럭키 드로우 = Lucky draw : 나만의 길을 찾을 때까지 인생의 레버를 당기는 법,드로우앤드류
153,내가 틀릴 수도 있습니다 : 숲속의 현자가 전하는 마지막 인생 수업,비욘 나티코 린데블라드
154,(전세부터 매매까지 알면 알수록 많이 받고 싸게 받는) 대출의 마법,레오(김은진)
155,(50대 사건으로 보는) 돈의 역사 = (The) history of money,홍춘욱
156,픽사 스토리텔링 : 고객의 마음을 사로잡는 9가지 스토리 법칙,매튜 룬
157,마음은 단단하게 인생은 유연하게 : 정신과 의사가 권하는 인생이 편해지는 유연함의 기술,정두영
158,미식가의 어원 사전 : 모든 메뉴에는 이름이 있다,앨버트 잭
159,"나를 알고 싶을 때 뇌과학을 공부합니다 : 뇌가 멈춘 순간, 삶이 시작되었다",질 볼트 테일러
160,메이커스 랩 : 그 멋진 작품은 어떻게 탄생했을까,론 M. 버크먼
161,뛰는 사람 : 달리기를 멈추지 않는 생물학자 베른트 하인리히의 80년 러닝 일지,베른트 하인리히
162,노력의 기쁨과 슬픔 : 너무 열심인 나를 위한 애쓰기의 기술,올리비에 푸리올
163,"계속 가보겠습니다 : 내부 고발 검사, 10년의 기록과 다짐",임은정
164,"부동산, 누구에게나 공평한 불행 : 우리는 왜 부동산 때문에 좌절하는가",마강래
165,90일 밤의 클래식 = 90 nights classics : 하루의 끝에 차분히 듣는 아름다운 고전음악 한 곡,김태용
166,90일 밤의 미술관 = 90 nights museum : 하루 1작품 내 방에서 즐기는 유럽 미술관 투어,이용규
167,세금의 세계사 : 뺏고 싶은 자와 뺏기기 싫은 자의 잔머리 진화사,도미닉 프리스비
168,타이탄의 도구들 : 세계 최고들이 매일 실천하는 것들,팀 페리스
169,나는 버리지 않기로 했다 : 진정한 미니멀리즘을 실천하는 삶의 지혜,조석경
170,나의 하루는 4시 30분에 시작된다 : 하루를 두 배로 사는 단 하나의 습관,김유진
171,주린이가 가장 알고 싶은 최다질문 Top 77 : 염블리 염승환과 함께라면 주식이 쉽고 재미있다,염승환
172,"다가올 미래, 부의 흐름 : 돈의 흐름을 아는 사람이 승자다",곽수종
173,(3년 후 부의 흐름이 보이는) 경제지표 정독법 : 거시경제의 거장 김영익이 미래를 읽는 법,김영익
174,집 떠난 뒤 맑음. 상,에쿠니 가오리
175,집 떠난 뒤 맑음. 하,에쿠니 가오리
176,마르타의 일 : 박서련 장편소설,박서련
177,9번의 일 : 김혜진 장편소설,김혜진
178,그 영화의 뒷모습이 좋다 : 이 책을 읽는 순간 당신은 그 영화를 다시 볼 수밖에 없다,주성철
179,방금 떠나온 세계 : 김초엽 소설집,김초엽
180,서영동 이야기 : 조남주 연작소설,조남주
181,내밀 예찬 : 은둔과 거리를 사랑하는 어느 내향인의 소소한 기록,김지선
182,관계를 읽는 시간 : 나의 관계를 재구성하는 바운더리 심리학,문요한
183,어린이라는 세계 : 김소영 에세이,김소영
184,나의 아름다운 할머니 : 심윤경 에세이,심윤경
185,나의 스페인어 사춘기 100시간 : 누구나 말할 수 있는 100시간 실전 회화 프로젝트,시원스쿨 스페인어연구소
186,불편한 편의점 : 김호연 장편소설,김호연
187,관계를 정리하는 중입니다 : 이평 산문집,이평
188,아가미 : 구병모 장편소설,구병모
189,아주 작은 습관의 힘 : 최고의 변화는 어떻게 만들어지는가,제임스 클리어
190,돈의 감각 = The sense of money : 절호의 투자 타이밍을 귀신같이 눈치채는 비결,이명로
191,마지막 몰입 : 나를 넘어서는 힘,짐 퀵
192,(된다!) 포토샵＆일러스트레이터 : 오늘 바로 되는 입문서,박길현
193,(된다!) 네이버 블로그＆포스트 : 내 글이 네이버 메인에 뜬다! 만들기부터 검색 상위 노출까지!,황윤정
194,욕구들 : 여성은 왜 원하는가,캐럴라인 냅
195,알고리즘이 지배한다는 착각 : 수학으로 밝혀낸 빅데이터의 진실,데이비드 섬프터
196,공정하다는 착각 : 능력주의는 모두에게 같은 기회를 제공하는가,마이클 샌델
197,"엔드 오브 타임 : 브라이언 그린이 말하는 세상의 시작과 진화, 그리고 끝",브라이언 그린
198,우리 역사 속 전염병 : 왕실의 운명과 백성의 인생을 뒤흔든 치명적인 흔적,신병주
199,사는 게 불안한 사람들을 위한 철학 수업 : 어렵고 힘들수록 철학이 답이다,존 셀라스
200,인생의 태도 : 행복한 이기주의자로 평생 살아보니 알게 된 것들,웨인 다이어
201,우리는 조구만 존재야,조구만 스튜디오
202,이토록 뜻밖의 뇌과학 : 뇌가 당신에 관해 말할 수 있는 7과 1/2가지 진실,리사 펠드먼 배럿
203,마음챙김 : 마음은 삶을 어디까지 바꿀 수 있을까,엘렌 랭어
204,위험한 숫자들 : 숫자는 어떻게 진실을 왜곡하는가,사너 블라우
205,당신의 인생을 정리해드립니다 : 삶이 바뀌는 신박한 정리,이지영
206,"(서울 자가에 대기업 다니는) 김 부장 이야기. 1, 김 부장 편",송희구
207,"(서울 자가에 대기업 다니는) 김 부장 이야기. 3, 송 과장 편",송희구
208,이건희 컬렉션 : 내 손안의 도슨트북,SUN 도슨트
209,나는 이렇게 세 딸을 하버드에 보냈다,심활경
210,봄은 언제나 찾아온다 : 노르망디에서 데이비드 호크니로부터,데이비드 호크니
211,내 방식대로 삽니다 : 남인숙의 쇼핑 심리 에세이,남인숙
212,완전한 행복 : 정유정 장편소설,정유정
213,뉴욕에 살고 있습니다 : 유튜버 하루데이가 기록한 낭만적인 도시 풍경,하루
214,도서관 런웨이 : 윤고은 장편소설,윤고은
215,(비전공자도 이해할 수 있는) AI 지식 : 카카오·현대자동차 AI팀장이 들려주는 세상에서 가장 쓸모 있는 IT 안내서,박상길
216,(이어령의) 책 한 권에 담긴 뜻,이어령
217,재난 인류 : 위기의 순간마다 답을 찾았던 인간의 생존 연대기,송병건
218,돈의 사이클 : 불황에 공부하고 호황에 버는 반복의 법칙,이재범(핑크팬더)
219,내 일로 건너가는 법,김민철
220,"마음이 흔들려서, 마흔인 걸 알았다 : 인생 항로를 잃어버린 엄마들을 위한 단단한 마음 철학",김선호
221,오늘도 우울증을 검색한 나에게,김한준
222,아직 오지 않은 날들을 위하여 : 세계적 지성이 전하는 나이듦의 새로운 태도,파스칼 브뤼크네르
223,삶이 던지는 질문은 언제나 같다 : 시대의 지성 찰스 핸디가 전하는 삶의 철학,찰스 핸디
224,노사이드 게임,이케이도 준
225,넬라의 비밀 약방 : 사라 페너 장편소설,사라 페너
226,나는 나의 밤을 떠나지 않는다 : 아니 에르노 장편소설,아니 에르노
227,이어령의 마지막 수업,김지수
228,리시안셔스 : 연여름 소설집,연여름
229,"내 문장이 그렇게 이상한가요? : 내가 쓴 글, 내가 다듬는 법",김정선
230,나는 4시간만 일한다 : 디지털 노마드 시대 완전히 새로운 삶의 방식,팀 페리스
231,어메이징 브루클린,제임스 맥브라이드
232,"돈이란 무엇인가 : 앙드레 코스톨라니의 1,000가지 돈을 다루는 방법",앙드레 코스톨라니
233,"아무튼, 메모 : 이것으로 나의 내일이 만들어질 것이다",정혜윤
234,기묘한 신혼여행,히가시노 게이고
235,부의 본능 : 슈퍼리치가 되는 9가지 방법,브라운스톤
236,부의 추월차선 : 부자들이 말해 주지 않는 진정한 부를 얻는 방법,엠제이 드마코
237,(0~7세까지 아이의 상상을 넓히고 생각의 깊이를 결정짓는) 엄마의 어휘력,표유진
238,NAVER blog.ZIP : 세상에서 가장 쉬운 네이버 블로그 글쓰기,수상한 노마드
239,더 시스템 = The system : 거의 모든 일에 실패하던 자가 결국 큰 성공을 이루어낸 방법,스콧 애덤스
240,고양이 서점 : 사쿠마 가오루 만화,사쿠마 가오루
241,"아무튼, 여름",김신회
242,다큐하는 마음 : 양희 인터뷰집,양희
243,당신은 결국 무엇이든 해내는 사람 : 김상현 에세이,김상현
244,세계사를 바꾼 10가지 약,사토 겐타로
245,(다모다란의) 투자 전략 바이블 : 당신을 현혹하는 투자 전략의 허와 실,애스워드 다모다란
246,덧니가 보고 싶어 : 정세랑 장편소설,정세랑
247,정성스럽게 혼자 삽니다 : 좁아도 바빠도 돈이 없어도 가능한 미니멀 라이프,Shoko
248,한국의 능력주의 = K-Meritocracy : 한국인이 기꺼이 참거나 죽어도 못 참는 것에 대하여,박권일
249,(식객 허영만의)백반기행 : 식객이 뽑은 진짜 맛집 200,허영만
250,"물고기는 존재하지 않는다 : 상실, 사랑 그리고 숨어 있는 삶의 질서에 관한 이야기",룰루 밀러
251,약탈자들 : 폭력은 빈곤을 먹고 자란다,게리 하우겐
252,모국어는 차라리 침묵 : 목정원 산문,목정원
253,땅콩일기,쩡찌
254,땅콩일기. 2,쩡찌
255,(처음 읽는) 식물의 세계사 : 인간의 문명을 정복한 식물 이야기,리처드 메이비
256,"메타버스 = Metaverse : 디지털 지구, 뜨는 것들의 세상",김상균
257,우리말 어감사전 : 말의 속뜻을 잘 이해하고 표현하는 법,안상순
258,"여자 둘이 살고 있습니다 : 혼자도 결혼도 아닌, 조립식 가족의 탄생",김하나
259,매일 읽는 헨리 데이비드 소로,헨리 데이비드 소로
260,나의 최소 취향 이야기 : 내 삶의 균형을 찾아가는 취향 수집 에세이,신미경
261,명랑한 은둔자,캐럴라인 냅
262,"빌트, 우리가 지어 올린 모든 것들의 과학 : 그림과 원리로 읽는 건축학 수업",로마 아그라왈
263,소크라테스 익스프레스 : 철학이 우리 인생에 스며드는 순간,에릭 와이너
264,우리가 빛의 속도로 갈 수 없다면 : 김초엽 소설,김초엽
265,천 개의 파랑 : 천선란 장편소설,천선란
266,우리는 이 별을 떠나기로 했어,천선란
267,내가 행복한 이유,그렉 이건
268,"루팡의 딸. 2, 루팡의 귀환",요코제키 다이
269,"지적 대화를 위한 넓고 얕은 지식 : 지혜를 찾아 138억 년을 달리는 시간 여행서. 0, 모든 지식의 시작, 모든 지식의 완성",채사장
270,"지적 대화를 위한 넓고 얕은 지식 : 한 권으로 현실을 통달하는 지식 여행서. 1, 현실: 역사·경제·정치·사회·윤리",채사장
271,"지적 대화를 위한 넓고 얕은 지식 ; 한 권으로 현실 너머를 통찰하는 지식 여행서. 2, 현실 너머: 철학·과학·예술·종교·신비",채사장
272,꽃샘바람에 흔들린다면 너는 꽃 : 류시화 시집,류시화
273,그림들 : 모마 미술관 도슨트북,SUN 도슨트
274,생각이 너무 많은 서른 살에게 : 25년간 세계 최고의 인재들과 일하며 배운 것들,김은주
275,감정 어휘 : 모호한 감정을 선명하게 밝혀 내 삶을 살게 해주는 말 공부,유선경
276,(나를 숨 쉬게 하는) 보통의 언어들,김이나
277,계절의 위로 : 오늘을 살리는 빛의 문장들,서은
278,반야심경 마음공부,페이융
279,초등 매일 독서의 힘 : 읽는 중학생을 만드는 초등의 책 읽기,이은경
280,마이너 필링스 : 이 감정들은 사소하지 않다,캐시 박 홍
281,나는 당신이 경매공부를 시작했으면 좋겠습니다,투자N
282,바늘과 가죽의 시(詩) : 구병모 소설,구병모
283,백조와 박쥐 : 히가시노 게이고 장편소설,히가시노 게이고
284,"내 몸이 예전 같지 않을 때 읽는 책 : 서울대 체대, 의대 교수가 말하는 최강의 컨디션 회복법",김유겸
285,설레는 건 많을수록 좋아,김옥선
286,부의 시나리오 : 불확실성을 기회로 만드는 4가지 투자전략,오건영
287,바이러스 X : 김진명 장편소설,김진명
288,음악의 언어 : 흐르는 시간에서 음표를 건져 올리는 법,송은혜
289,나는 나답게 살기로 했다,손힘찬
290,"오늘 밤, 세계에서 이 사랑이 사라진다 해도",이치조 미사키
291,테라피스트 : B.A.패리스 장편소설,B. A. 패리스
292,모든 사람에게 사랑받을 필요는 없다,이평
293,돈의 심리학 : 당신은 왜 부자가 되지 못했는가,모건 하우절
294,완벽한 아이 : 무엇으로도 가둘 수 없었던 소녀의 이야기,모드 쥘리앵
295,영어회화 100일의 기적 : 일상생활 표현으로 진짜 영어를 말한다!. 2,문성현
296,그냥 하지 말라 : 당신의 모든 것이 메시지다,송길영
297,노마드랜드,제시카 브루더
298,단정한 반복이 나를 살릴 거야,봉현
299,마음의 법칙 : 사람의 마음을 사로잡는 51가지 심리학,폴커 키츠
300,어떻게 해야 원하는 삶을 사는가 : 세계 최고의 대학이 수백 년 동안 청춘에게 던져온 질문들,데이지 웨이드먼
301,돈의 역사는 되풀이된다 : 돈의 흐름을 읽는 눈,홍춘욱
302,따님이 기가 세요 : 유쾌한 여자 둘의 비혼 라이프,하말넘많
303,걷기의 세계 : 뇌과학자가 전하는 가장 단순한 운동의 경이로움,셰인 오마라
304,우리가 혹하는 이유 : 사회심리학이 조목조목 가르쳐주는 개소리 탐지의 정석,존 페트로첼리
305,지구인만큼 지구를 사랑할 순 없어 : ( )만큼 ( )를 사랑할 순 없어,정세랑
306,그때그때 가볍게 산다,장성숙
307,나의 미스터리한 일상 : 와카타케 나나미 소설,와카타케 나나미
308,지구 끝의 온실 : 김초엽 장편소설,김초엽
309,럭키 : 내 안에 잠든 운을 깨우는 7가지 법칙,김도윤
310,쓸모 있는 음악책 : 내 삶을 최적화하는 상황별 음악 사용법,마르쿠스 헨리크
311,아이라는 숲 : 숲을 곁에 두고 나무만 바라보는 부모를 위한 12가지 철학 수업,이진민
312,"딥 타임 : 빛도 시간도 없는 40일, 극한 환경에서 발견한 인간의 위대한 본성",크리스티앙 클로
313,채소 마스터 클래스 = Vegetable master class,백지혜
314,"과거가 남긴 우울 미래가 보낸 불안 : 후회, 자책, 걱정, 초조를 멈추는 심리학",김아라
315,게으른 완벽주의자를 위한 심리학 : 미루기의 악순환에서 벗어나고 싶은 당신을 위한 심리 처방,헤이든 핀치
316,"너, 영어 교과서 씹어 먹어 봤니? : 상위 1% 아이들만 알고 있는 영어 교과서 100% 활용법",이지은
317,(대한민국 부동산) 부의 역사 : 한반도 부의 흐름을 한눈에 살피는 부동산 입지 변천사,이상우
318,13일의 김남우,김동식
319,(몰리 뱅의) 그림 수업 : 마음을 움직이는 그림의 원리,몰리 뱅
320,태도가 작품이 될 때 = When attitudes become artwork,박보나
321,기분을 관리하면 인생이 관리된다 : 김다슬 에세이,김다슬
322,"딱 1년만 옷 안 사고 살아보기 : 스트레스를 쇼핑으로 풀던 그녀, 비우고 다시 채우는 1년 프로젝트에 도전하다",임다혜
323,모든 사람에게 좋은 사람일 필요는 없어,김유은
324,부의 인문학 : 슈퍼리치의 서재에서 찾아낸 부자의 길,우석
325,살인자의 기억법 : 김영하 장편소설,김영하
326,돈지랄의 기쁨과 슬픔,신예희
327,(맛있게 살 빠지는) 고단백 저탄수화물 다이어트 레시피 : 매일매일 치팅데이처럼 맛있다!,박지우
328,"공자의 말 : 포스트코로나, 공자에게 길을 묻다",최종엽
329,1시간에 만드는 일주일 반찬 : 요린이도 쉽게 따라 하는 집밥,서영자
330,"슬기로운 미니멀 라이프 : 나에게 필요한 것은 남기고, 똑똑하게 채우는 시간",홍은실
331,"어서 오세요, 휴남동 서점입니다",황보름
332,(잘될 운명으로 가는) 운의 알고리즘 = (The) algorithm of luck,정회도
333,다정한 것이 살아남는다,브라이언 헤어
334,"백년 허리 : 내 허리 통증 해석하기. 1, 진단편",정선근
335,"백년 허리 : 내 허리 사용 설명서. 2, 치료편",정선근
336,전념 : 나와 세상을 바꾸는 힘에 관하여,피트 데이비스
337,뉴욕 정신과 의사의 사람 도서관 : 낙인과 혐오를 넘어 이해와 공존으로,나종호
338,과식하지 않는 삶,이시구로 세이지
339,투명인간은 밀실에 숨는다,아쓰카와 다쓰미
